talleres_y_cst:
  habana:
    - clave: A1
      nombre: Talleres de Electrónica y Electrodomésticos de La Habana
      direccion: "Calle San Lázaro No. 820 e/ Carmen y Vista Alegre, 10 de Octubre"
      telefonos:
        - "7/699-3866"
    - clave: A2
      nombre: Talleres de Electrónica y Electrodomésticos de La Habana
      direccion: "Calle 162 D e/ 5ta D y 5ta E Zona 6, Alamar, Habana del Este"
      telefonos:
        - "7/763-5506"
    - clave: A3
      nombre: Talleres de Electrónica y Electrodomésticos de La Habana
      direccion: "Calle Oquendo No.266 e/ San Miguel y Neptuno, Centro Habana"
      telefonos:
        - "7/878-9632"
        - "7/878-9633"
    - clave: A4
      nombre: Talleres de Electrónica y Electrodomésticos de La Habana
      direccion: "Ave 31 Esq. 250. San Agustín. La Lisa. (Pendiente de reapertura)"
      telefonos:
        - "7/272-5723"

  centros_servicios_tecnicos:
    - clave: B
      nombre: Centro de Servicios Técnicos de Audio, Video Profesional
      direccion: "Ave 31 Esq. 250. San Agustín. La Lisa."
      telefonos:
        - "7/272-5723"
    - clave: B1
      nombre: Centro de Servicios CANON
      direccion: "Calle 3ª D No. 15215 e/ 152 y 154, Rpto. Náutico, Ciudad Habana"
      telefonos:
        - "7/208-1632"
        - "7/208-6141"
        - "7/208-9899"
    - clave: B2
      nombre: Centro de Servicios de Control Económico
      direccion: "Calle 96 No. 317 e/ 5ta avenida y 3ra A. Miramar, PLAYA"
      telefonos:
        - "7/207-9885"
        - "7/207-9886"
    - clave: B3
      nombre: Centro de Servicios de Cerrajeria
      direccion: "Calle 1era no 17401 e/174 y 176 Reparto Flores, Playa"
      telefonos:
        - "7/273-1046"
        - "7/273-2457"
        - "7/273-2458"
    - clave: C
      nombre: Centro de Servicios Electromecánica
      direccion: "Calle 5ta. B No.9007 entre 90 y 92, Playa"
      telefonos:
        - "7/204-1801"
        - "7/204-5000"
    - clave: D
      nombre: Centro de Servicios de Informática y Comunicaciones (TECUN)
      direccion: "Calle 38 No. 704 e/ 7ma y 42 Miramar Playa"
      telefonos:
        - "7/204-2808"
        - "7/204-6504"
    - clave: E
      nombre: Centro de Servicios Gastronomía y Clima
      direccion: "Calle 49 No.12215 e/122 y 124 Marianao"
      telefonos:
        - "7/267-0312"

centros_servicios_territoriales_f:
  - provincia: "Pinar del Río"
    municipios:
      - nombre: "Pinar del Río"
        direccion: "Calzada La Coloma (al lado de la línea del ferrocarril)"
        telefonos:
          - "48-77-3008"
          - "48-77-3019"
      - nombre: "San Cristóbal"
        direccion: "Circunvalación (al lado de Sala de Video y Garaje El Águila)"
        telefonos:
          - "49-52-3657"
      - nombre: "Artemisa"
        direccion: "Calle 34 esq.35 S/N"
        telefonos:
          - "49-365-817"
      - nombre: "San Antonio de los Baños"
        direccion: "Calle 62 e/ 31 y 33 S/N Municipio San Antonio de los Baños"
        telefonos:
          - "49–383-366"
      - nombre: "San José"
        direccion: "Ave 49 e/ 82 y 88 S/N"
        telefonos:
          - "47-863692"
          - "47-862999"
      - nombre: "Güines"
        direccion: "Calle 86 e/ 45 y 47"
        telefonos:
          - "47-524210"
      - nombre: "Santa Cruz"
        direccion: "Ave 22 esq.11 S/N"
        telefonos:
          - "47-293-045"
      - nombre: "Nueva Gerona"
        direccion: "Calle 26 e/ 33 y 35, Nueva Gerona, Isla de la Juventud"
        telefonos:
          - "46-322080"
  - provincia: "Matanzas"
    municipios:
      - nombre: "Matanzas"
        direccion: "Calzada San Luís No.12701 e/ S. Santo y S. Rafael, P. Nuevo"
        telefonos:
          - "45-253279"
      - nombre: "Varadero"
        direccion: "Avenida Playa e/ Calle 39 y Calle 40 Varadero"
        telefonos:
          - "45-66-8248"
      - nombre: "Cárdenas"
        direccion: "Ave 34 s/n Esq. Fomento A. Reparto Fructuoso Rodriguez."
        telefonos:
          - "45-515806"
      - nombre: "Colón"
        direccion: "López Coloma s/n entre Calixto García y Luz Caballero"
        telefonos:
          - "45-31-6581"
      - nombre: "Jagüey"
        direccion: "Calle 11 s/n entre 56 y 58, Jagüey"
        telefonos:
          - "45-91-4237"
      - nombre: "Jovellanos"
        direccion: "Calle 24 s/n entre 3 y 5, Reparto Horacio Rodríguez"
        telefonos:
          - "45-81-3963"
      - nombre: "Unión de Reyes"
        direccion: "Calixto García s/n e/ Jesús Menéndez y Bartolomé Masó"
        telefonos:
          - "45-41-3234"
  - provincia: "Cienfuegos"
    municipios:
      - nombre: "Cienfuegos"
        direccion: "Calle 35 e/ 68 y 70 s/n"
        telefonos:
          - "43-55-1594"
      - nombre: "Cumanayagua"
        direccion: "Calle Orlando Gómez entre Artime y Cienfuegos"
        telefonos:
          - "43-49-7768"
      - nombre: "Abreus"
        direccion: "Calle Martí e/ Flor Crombet y Panchito Pérez"
        telefonos:
          - "43-56-3145"
      - nombre: "Cruces"
        direccion: "Calle Montalvo S/N entre 10 de octubre y Flor Combret."
        telefonos:
          - "43-573361"
  - provincia: "Villa Clara"
    municipios:
      - nombre: "Santa Clara"
        direccion: "Carretera Central, Banda Esperanza Esq. Oquendo"
        telefonos:
          - "42-206020"
      - nombre: "Caibarién"
        direccion: "Ave.11 e/28 y Circunvalación Villa Clara"
        telefonos:
          - "42-352627"
      - nombre: "Placetas"
        direccion: "2da del Oeste s/n esquina a 4ta."
        telefonos:
          - "42-885287"
  - provincia: "Sancti Spíritus"
    municipios:
      - nombre: "Sancti Spíritus"
        direccion: "Ave. de los Mártires, Esquina a Circunvalante, Olivos I"
        telefonos:
          - "41-335807 ext. 114"
          - "41-335807 ext. 115"
      - nombre: "Trinidad"
        direccion: "Calle José Martí S/N, e/ Eliópez Paz y Manuel Fajardo"
        telefonos:
          - "41-996426"
      - nombre: "Cabaiguán"
        direccion: "Calle Alfredo López S/N, e/ Sergio Soto y C Cfgos"
        telefonos:
          - "41-662130"
      - nombre: "Yaguajay"
        direccion: "Calle Marero S/N, Esquina Felino Rodríguez, Yaguajay"
        telefonos:
          - "41-552550"
  - provincia: "Ciego de Ávila"
    municipios:
      - nombre: "Ciego de Ávila"
        direccion: "Calle Cuba esq. Maceo"
        telefonos:
          - "33-266308"
      - nombre: "Morón"
        direccion: "Calle 9 entre Avenida Tarafa y Lugareño"
        telefonos:
          - "33-505996"
  - provincia: "Camagüey"
    municipios:
      - nombre: "Camagüey"
        direccion: "Calle Maceo Nº 5 e/ Plaza Maceo y Gral. Gómez"
        telefonos:
          - "32-283447"
          - "32-283425"
      - nombre: "Santa Cruz del Sur"
        direccion: "Calle K sin número /Carretera y Central"
        telefonos:
          - "32-853873"
      - nombre: "Guáimaro"
        direccion: "Constitución #101 e/ Gabriel García y Máximo Gómez"
        telefonos:
          - "32-812499"
  - provincia: "Las Tunas"
    municipios:
      - nombre: "Las Tunas"
        direccion: "Calle Menocal s/n e/ Fco. Varona y Lorenzo Ortiz"
        telefonos:
          - "31-346985"
      - nombre: "Puerto Padre"
        direccion: "Calle Conrado Benítez No. 110 e/ Flor Crombet y Masó"
        telefonos:
          - "31-51-5208"
      - nombre: "Colombia"
        direccion: "Ave: Cándido Gonzales s/n e/14 y 16 Rpto. Progreso"
        telefonos:
          - "31-62-5434"
  - provincia: "Holguín"
    municipios:
      - nombre: "Holguín"
        direccion: "Calle 1ro de Enero Nº 333 e/ Cable y Aricochea"
        telefonos:
          - "24-46-8310"
      - nombre: "Moa"
        direccion: "Ave Aeropuerto s/n, Almacenes de Distribuidora"
        telefonos:
          - "24-60-2035"
      - nombre: "Banes"
        direccion: "Calle Bayamo s/n e/ Augusto Blanca y José Ma. Heredia"
        telefonos:
          - "24-80-3817"
      - nombre: "Rpto Cárdenas"
        municipio_de: "Banes"
        direccion: ""
        telefonos: []
  - provincia: "Granma"
    municipios:
      - nombre: "Bayamo"
        direccion: "Carr. Central, Vía Holguín Esq. Armando Estévez"
        telefonos:
          - "23-42-7472"
      - nombre: "Manzanillo"
        direccion: "Ave. 1ro de Mayo entre Calixto García y Dr. Codina"
        telefonos:
          - "23-57-8611"
  - provincia: "Santiago de Cuba"
    municipios:
      - nombre: "Santiago de Cuba"
        direccion: "Calle M esquina Segunda, Rpto. Ampliación de Terraza"
        telefonos:
          - "22-646-990"
          - "22-64-3089"
      - nombre: "Palma Soriano"
        direccion: "Martí Baja # 441"
        telefonos:
          - "22-502-731"
  - provincia: "Guantánamo"
    municipios:
      - nombre: "Guantánamo"
        direccion: "Calle Pedro A. Pérez esq. 11 Sur"
        telefonos:
          - "21-369-013"
          - "21-369-014"
      - nombre: "Baracoa"
        direccion: "Calle Martí esq. Glicerio Blanco"
        telefonos:
          - "21-641-838"

centros_servicios_territoriales_dta:
  - provincia: "Pinar del Río"
    direccion: "Ave Borrego Km 1 1/2 Zona Industrial 7 Matas, P. Rio"
    telefono: "48-762629"
  - provincia: "La Habana"
    direccion: "5ta B No. 11017 e/ 110 y 112 Playa"
    telefono: "7-2806314"
  - provincia: "Matanzas"
    direccion: "Via Rápida Km 1 1/2 Finca La Cachurra Siguapa, Cardenas"
    telefono: "45-619059"
  - provincia: "Cienfuegos"
    direccion: "Calle C e/ 1ra y 3ra Rpto Oburques, Cfgos"
    telefono: "43-681109/10"
  - provincia: "Villa Clara"
    direccion: "3ra Final, Reparto Caratey, Santa Clara"
    telefono: "42-200968 ext 113"
  - provincia: "Ciego de Ávila"
    direccion: "Carretera Morón Km 3/14, C. Avila"
    telefono: "33-266355"
  - provincia: "Camagüey"
    direccion: "Calle Monmteagudo s/n e/ Cuba y Carretera Central, Camaguey"
    telefono: "32-290888"
  - provincia: "Holguín"
    direccion: "Carretera Mayarí Km 5 1/2, San Rafael, Holguín"
    telefono: "24-483905 ext 141,142,191"
  - provincia: "Granma"
    direccion: "Carretera a Santiago de Cuba Km 4 1/2 Bayamo"
    telefono: "23-479968/69"
  - provincia: "Santiago de Cuba"
    direccion: "Carretera Central Km 8 Via El Cobre, Santiago de Cuba"
    telefono: "22-681102"
  - provincia: "Guantánamo"
    direccion: "Carretera Santiago de Cuba, Km 2, Gtnmo"
    telefono: "21-362364"

puntos_atencion_municipios:
  - provincia: "Pinar del Río"
    municipios:
      - nombre: "Sandino"
        lugar: "Tda Súchel"
        telefono: "422-445"
        horario: "Lunes (9am-1pm)"
      - nombre: "Guane"
        lugar: "Tda La Defensa"
        telefono: "497-689"
        horario: "Martes (9am-1pm)"
      - nombre: "Mantua"
        lugar: "Feria de Mantua"
        telefono: "495-231"
        horario: "Martes (9am-1pm)"
      - nombre: "Viñales"
        lugar: "Cupet Viñales"
        telefono: "732-833"
        horario: "Viernes (9am-1pm)"
      - nombre: "La Palma"
        lugar: "Tda La Palma"
        telefono: "732-833"
        horario: "Miércoles (9am-1pm)"
      - nombre: "Candelaria"
        lugar: "Tda El Modelo"
        telefono: "598-221"
        horario: "Martes (9am-1pm)"
      - nombre: "Bahía Honda"
        lugar: "Tda La Bahía"
        telefono: "668-203"
        horario: "Viernes (9am-1pm)"
      - nombre: "Tienda San Juan"
        lugar: "Tienda San Juan"
        telefono: "798-428"
        horario: "Jueves (9am-1pm)"
      - nombre: "Los Palacios"
        lugar: "Tda Caiguanabo"
        telefono: "547-116"
        horario: "Lunes (9am-1pm)"
      - nombre: "Consolación de Sur"
        lugar: "Cupet Consolación"
        telefono: "812-991"
        horario: "Miércoles (9am-1pm)"
  - provincia: "Isla de la Juventud"
    municipios:
      - nombre: "La Demajagua"
        lugar: "PV La Demajagua"
        telefono: "46-399-263"
        horario: "Jueves alterno (10am-3:30pm)"
      - nombre: "La Fe"
        lugar: "Tda La Fe"
        telefono: "397-168"
        horario: "Martes alterno (10am-3:30pm)"
      - nombre: "Chacón"
        lugar: "PV Chacón"
        telefono: "325-187"
        horario: "3er Sábado (10am-3:30pm)"
  - provincia: "Artemisa"
    municipios:
      - nombre: "Mariel"
        lugar: "Tda Novedades"
        telefono: "49-391-160"
        horario: "Lunes (9:00am-11:00am)"
      - nombre: "Alquízar"
        lugar: "Tda Alquízar"
        telefono: "49-418-774"
        horario: "Jueves (10:00am-1.00pm)"
      - nombre: "Bauta"
        lugar: "Peletería"
        telefono: "49-372-676"
        horario: "Lunes (10.30am-4.00pm)"
      - nombre: "Caimito"
        lugar: "Tda Caimito"
        telefono: "49-319-294"
        horario: "Miércoles (10.30am-4:00pm)"
      - nombre: "Guanajay"
        lugar: "Tda La Moda"
        telefono: "49-305-539"
        horario: "Lunes (1.30 pm - 4:00pm)"
      - nombre: "Güira de Melena"
        lugar: "Tienda El Encanto"
        telefono: "49-424-804"
        horario: "Jueves (2.00 pm - 4.00pm)"
  - provincia: "Mayabeque"
    municipios:
      - nombre: "Bejucal"
        lugar: "Tienda Mercado"
        telefono: "47-682-463"
        horario: "Miércoles (10.30am-4.00pm)"
      - nombre: "Nueva Paz"
        lugar: "Tda. Casa Verde"
        telefono: "47-544-129"
        horario: "Jueves (11.00 am - 4.00 pm)"
      - nombre: "Batabanó"
        lugar: "Tda El Rápido"
        telefono: "47-588-701"
        horario: "Lunes (10.30 pm – 4.00pm)"
      - nombre: "San Nicolás"
        lugar: "Cupet San Nicolás"
        telefono: "47-563-234"
        horario: "Miércoles (10.30am-4.00pm)"
      - nombre: "Madruga"
        lugar: "Centro de Costo"
        telefono: "47-814-415"
        horario: "Miércoles (10.30am-4.00pm)"
      - nombre: "Jaruco"
        lugar: "Cupet El Faro"
        telefono: "47-874-345"
        horario: "Jueves (2.00 pm - 4.00pm)"
  - provincia: "Cienfuegos"
    municipios:
      - nombre: "Palmira"
        lugar: "Tda Amistad"
        telefono: "43-544-384"
        horario: "Lunes a Viernes (9am-5pm)"
      - nombre: "Lajas"
        lugar: "Tda Santa Isabel"
        telefono: "43-579-239"
        horario: "Lunes a Viernes (9am-5pm)"
      - nombre: "Rodas"
        lugar: "Tda La Nueva"
        telefono: "43-549-310"
        horario: "Lunes a Viernes (9am-5pm)"
      - nombre: "Cartagena"
        lugar: "Tda Cartagena"
        telefono: "43-588-139"
        horario: "Lunes a Viernes (9am-5pm)"
      - nombre: "Manicaragua"
        lugar: "Tda El Encanto"
        telefono: "42-491-109"
        horario: "Lunes a Viernes (9am -5 pm)"
      - nombre: "Ranchuelo"
        lugar: "Tda El Cañonazo"
        telefono: "42-451370"
        horario: "Lunes a Viernes (9am -5 pm)"
  - provincia: "Villa Clara"
    municipios:
      - nombre: "Camajuaní"
        lugar: "Tda La Teresita"
        telefono: "42-481492"
        horario: "Lunes a Viernes (9am -5 pm)"
      - nombre: "Remedios"
        lugar: "Tda La Unión"
        telefono: "42-395247"
        horario: "Lunes a Viernes (9am -5 pm)"
      - nombre: "Vueltas"
        lugar: "Tda Vueltas"
        telefono: "42-484231"
        horario: "Lunes a Viernes (9am -5 pm)"
      - nombre: "Encrucijada"
        lugar: "Tda .Los Dependientes"
        telefono: "42892368"
        horario: "Lunes a Viernes (9am -5 pm)"
      - nombre: "Santo Domingo"
        lugar: "Tda La Central"
        telefono: "42-402-220"
        horario: "Lunes a Viernes (9am -5 pm)"
      - nombre: "Corralillo"
        lugar: "Tda La Elegante"
        telefono: "42-686-491"
        horario: "Lunes a Viernes (9am -5 pm)"
      - nombre: "Rancho Veloz"
        lugar: "Tda La Ilusión"
        telefono: "42-684310"
        horario: "Lunes a Viernes (9am -5 pm)"
      - nombre: "Quemado Güines"
        lugar: "Tda Las Modas"
        telefono: "697-592"
        horario: "Lunes a Viernes (9am -5 pm)"
      - nombre: "Sagua La Grande"
        lugar: "Tienda La Sirena"
        telefono: "42-664-579"
        horario: "Lunes a Viernes (9am -5 pm)"
      - nombre: "Fomento"
        lugar: "Tda El Almacén"
        telefono: "461-607"
        horario: "Martes (9am-5pm)"
      - nombre: "Taguasco"
        lugar: "Tda Taguasco"
        telefono: "845-309"
        horario: "Miércoles (9am-5pm)"
  - provincia: "Sancti Spíritus"
    municipios:
      - nombre: "Zaza del Medio"
        lugar: "Tda El Sport"
        telefono: "855-947"
        horario: "Miércoles (9am-5pm)"
      - nombre: "Jatibonico"
        lugar: "Tda Nuevo Milenio"
        telefono: "883-380"
        horario: "Miércoles (9am-5pm)"
      - nombre: "Santa Lucía"
        lugar: "Ave Turística, Tararaco. Playa Sta. Lucia"
        telefono: "336-327"
        horario: "Lunes a Viernes (8:00am-5pm)"
  - provincia: "Camagüey"
    municipios:
      - nombre: "Florida"
        lugar: "C. Central y Francisco Vicente"
        telefono: "513-988"
        horario: "Lunes-Viernes (8:00am-5pm)"
      - nombre: "Amancio Rodríguez"
        lugar: "Tienda La Caoba, Ave: Sergio Reyno s/n. Reparto El Batey"
        horario: "Lunes a Viernes (8:00am-5:00pm)"
  - provincia: "Las Tunas"
    municipios:
      - nombre: "Manatí"
        lugar: "Julio A. Mella No. 112"
        telefono: "221-451"
        horario: "Lunes a viernes (8:00am-5:00pm)"
  - provincia: "Holguín"
    municipios:
      - nombre: "Sagua de Tánamo"
        lugar: "Tienda La Montañesa"
        telefono: "587609"
        horario: "Viernes (2:00pm-5:00pm)"
      - nombre: "Guardalavaca"
        lugar: "Ave. Flamboyanes Amarillos, S/n Esq. A 2"
        telefono: "430 658"
        horario: "Viernes (9:00am a 12:00m y 1:00pm a 4:00pm)"
      - nombre: "Rafael Freyre"
        lugar: "Tienda El Progreso"
        telefono: "85-0560"
        horario: "Viernes (9am-12.00m)"
      - nombre: "Frank País"
        lugar: "PV Las Brisas"
        telefono: "58-8393"
        horario: "Viernes (9:00 am- 12.00 m)"
      - nombre: "Mayarí"
        lugar: "Tienda La Tropical"
        telefono: "503121"
        horario: "Jueves (9am -12m)"
      - nombre: "Levisa"
        lugar: "Tienda Los Mineros"
        telefono: "516163"
        horario: "Jueves (2:00 pm- 5:00 pm)"
      - nombre: "Gibara"
        lugar: "TP.VillaBlanca"
        telefonos:
          - "84-4490"
          - "84-4491"
        horario: "Miércoles (9:00 am-12:00m)"
      - nombre: "Báguanos"
        lugar: "Tienda La Popular"
        telefono: "37-7381"
        horario: "Jueves (9:00 am- 12:00 m)"
      - nombre: "Cueto"
        lugar: "Tda La Victoria"
        telefonos:
          - "208268"
          - "208319"
        horario: "Jueves (9:00 pm -12:00pm)"
      - nombre: "Buena Ventura"
        lugar: "TP La Violeta"
        telefonos:
          - "357201"
          - "357584"
        horario: "Martes (900am-12.00m)"
      - nombre: "Urbano Noris"
        lugar: "Tienda Danubio"
        telefonos:
          - "380124"
          - "381076"
        horario: "Viernes (900am-12.00m)"
  - provincia: "Granma"
    municipios:
      - nombre: "Media Luna"
        lugar: "PV-La Esperanza"
        telefono: "593209"
        horario: "Miércoles (12.30m-4.00pm)"
      - nombre: "Campechuela"
        lugar: "PV-Coliseo Martí s/n Esq. Coliseo"
        telefono: "58-7155"
        horario: "Miércoles (9.00am 11.30am)"
      - nombre: "Pilón"
        lugar: "PV-Serví Mar / Carretera Guama Km 2 Cupet Pilón"
        telefonos:
          - "594475"
          - "594483"
        horario: "Martes 9.00 am -12.00m"
      - nombre: "Niquero"
        lugar: "PV-La Especial Calle 2 Dic./ Martí / Maceo"
        telefonos:
          - "592533"
        horario: "Jueves 9.00am-3.00pm"
      - nombre: "Bartolomé Maso"
        lugar: "PV-La Plata"
        telefonos:
          - "565439"
          - "564363"
        horario: "Jueves 9.00am-12.00m"
      - nombre: "Rio Cauto"
        lugar: "PV-La Rivera Calle Maceo No.25 A / Reparto Libertad"
        telefonos:
          - "825141"
        horario: "Miércoles 9.00am-12.00m"
      - nombre: "Jiguani"
        lugar: "PV-La Victoria Calle Gral. Rabí No.63 esq. Luz Caballero"
        telefono: "366487"
        horario: "Martes 9.00am-12.00m"
      - nombre: "San Luis"
        lugar: "Tienda La Victoria"
        telefono: "22483665"
        horario: "1er y 3er Martes (9am-1pm)"
  - provincia: "Santiago de Cuba"
    municipios:
      - nombre: "Contramaestre"
        lugar: "Cupet II Contramaestre"
        telefono: "22587567"
        horario: "1er y 3er Martes (10am-2pm)"
      - nombre: "Tercer Frente"
        lugar: "Tienda La Serrana"
        telefono: "22-566195"
        horario: "1er Martes 10.30am- 2 pm"
      - nombre: "Mella"
        lugar: "Tienda La Palma"
        telefono: "22-457222"
        horario: "2do Miércoles (9am-1pm)"
      - nombre: "Songo La Maya"
        lugar: "Tienda La Nacional"
        telefono: "22-378319"
        horario: "1er y 3er Martes 9am-1pm"
      - nombre: "Segundo Frente"
        lugar: "Tienda La Mayarisera"
        telefono: "22-425581"
        horario: "1er y 3er Viernes (10am-1pm)"
      - nombre: "Guamá"
        lugar: "Tienda Guama"
        telefono: "22-326158"
        horario: "1er Jueves (10am-2pm)"
      - nombre: "Sabaneta"
        lugar: "PV-Sabaneta"
        telefono: "212-85042"
        horario: "2do. Viernes (9.00am-4.30pm)"
  - provincia: "Guantánamo"
    municipios:
      - nombre: "Bayate"
        lugar: "PV-Bayate"
        telefono: "212-81124"
        horario: "2do. Viernes (9.00am-4.30pm)"
      - nombre: "Salvador"
        lugar: "PV-Salvador"
        telefono: "212-94201"
        horario: "4to. viernes (9.00am-4.30pm)"
      - nombre: "Costa Rica"
        lugar: "PV-Costa Rica"
        telefono: "212-97385"
        horario: "4to. viernes (9.00am-4.30pm)"
      - nombre: "Palenque"
        lugar: "PV-Palenque"
        telefono: "218-35330"
        horario: "2do martes (9.00am-12.00m)"
      - nombre: "Felicidad"
        lugar: "PV-Yateras"
        telefono: "218-65149"
        horario: "2do martes (9.00am-12.00m)"
      - nombre: "Manuel Tames"
        lugar: "PV-Jamaica"
        telefono: "213-98529"
        horario: "2do martes (2.00pm-4.30)"
      - nombre: "Caimanera"
        lugar: "SC-Caimanera"
        telefono: "214-99804"
        horario: "4to miércoles (9.00am-12.m)"
      - nombre: "Niceto Pérez"
        lugar: "SC-La Yaya"
        telefono: "215-93134"
        horario: "4to miércoles (2.00pm-4.30)"
      - nombre: "S Antonio del Sur"
        lugar: "PV-San Antonio"
        telefono: "215-77193"
        horario: "1er y 3er Miércoles (2-4.30pm)"
      - nombre: "Guaibano"
        lugar: "PV- Guaibano"
        telefono: "218-78196"
        horario: "1er y 3er Miércoles (2-4.30pm)"
      - nombre: "Puriales de Caujerí"
        lugar: "PV- Puriales"
        telefono: "218-78338"
        horario: "1er y 3er Miércoles (2-4.30pm)"
      - nombre: "Imias"
        lugar: "PV-Imias"
        telefono: "218-80217"
        horario: "1er y 3er Miércoles (9am-12m)"
      - nombre: "Sabana"
        lugar: "PV-Sabana"
        telefono: "216-81142"
        horario: "1er y 3er Miércoles (9am-4.30pm)"
      - nombre: "Maisi"
        lugar: "SC-Maisi"
        telefono: "216-89117"
        horario: "1er y 3er Miércoles (9am-4.30pm)"

centros_servicios_coral_negro:
  - clave: H
    nombre: "Centro de Reparaciones y Servicios en Ciudad de la Habana"
    direccion: "Calle 5ta Avenida Esq.16, Miramar, Playa, Ciudad de la Habana"
    telefono: "7-2040519"

servicio_garantia_otros_territorios:
  - clave: I
    descripcion: "En el mismo punto de venta donde se adquiere el reloj con la documentacion de la compra se tramita para enviar al taller de servicio de garantia de la Habana."