red_tiendas_usd_cimex:
  - unidad_comercial: "SC-BOCA - MARIEL"
    direccion: "Calle 90 Boca del Mariel-49-391871"
    municipio: "MARIEL"
    clasificacion: "Servicentro"
  - unidad_comercial: "SC -  AUTOLANDIA"
    direccion: "Ave 251 # 13017"
    municipio: "Bauta"
    clasificacion: "Servicentro"
  - unidad_comercial: "SC-EL ROSADO"
    direccion: "Calle 36 A e/ 41 y 43 Caimito"
    municipio: "CAIMITO"
    clasificacion: "Servicentro"
  - unidad_comercial: "Mercado y carnicería Campoamor"
    direccion: "Calle 50 SN/ 27Y29  Artemisa 49-368066"
    municipio: "Artemisa"
    clasificacion: "Servicentro"
  - unidad_comercial: "SC-ON -KM 177"
    direccion: "AUTOPISTA  KM177  AGUADA"
    municipio: "Aguada de Pasajeros"
    clasificacion: "Servicentros"
  - unidad_comercial: "SC-ON -BAHIA"
    direccion: "C/37  Nº  3816  CFGOS ."
    municipio: "Cienfuegos"
    clasificacion: "Servicentros"
  - unidad_comercial: "SC-IZAJE"
    direccion: "AVE. 110 E/  85A  Y CARRETERA DE PALMIRA.  CFGOS ."
    municipio: "Cienfuegos"
    clasificacion: "Servicentros"
  - unidad_comercial: "SC-ABREUS"
    direccion: "AVE LIBERTAD # 349 ABREUS"
    municipio: "Abreus"
    clasificacion: "Servicentro"
  - unidad_comercial: "TP-DUTTY  FREE-AEROPUERTO"
    direccion: "AEROPUERTO \"JAIME GONZÁLEZ\" CF"
    municipio: "Cienfuegos"
    clasificacion: "Dutty Free"
  - unidad_comercial: "TP-VIRTUAL CASA MIMBRE"
    direccion: ""
    municipio: "Cienfuegos"
    clasificacion: "Tienda"
  - unidad_comercial: "TP-ALMACENES CUBA"
    direccion: "CALLE 33  NO.5407"
    municipio: "Cienfuegos"
    clasificacion: "Tienda"
  - unidad_comercial: "Tienda Joyería Coral Negro Manzana de Gómez"
    direccion: "San Rafael entre Monserrate y Zulueta"
    municipio: "Habana Vieja"
    clasificacion: "Tienda Especializada"
  - unidad_comercial: "Tienda Mont Blanc"
    direccion: "San Rafael entre Monserrate y Zulueta"
    municipio: "Habana Vieja"
    clasificacion: "Tienda Especializada"
  - unidad_comercial: "Tienda Joyería Coral Negro La  Maison"
    direccion: "Calle 16# 701 e/  7ma  y  9na , La Habana"
    municipio: "Playa"
    clasificacion: "Tienda Especializada"
  - unidad_comercial: "Tienda Joyería Coral Negro  5ta  y 16"
    direccion: "Avenida  5ta   esquna  16. La Habana"
    municipio: "Playa"
    clasificacion: "Tienda Especializada"
  - unidad_comercial: "Tienda Joyería Coral Negro Habanera"
    direccion: "Ave 3  ra  e/ 78 Y 80, Municipio Playa Edificio  Beijin , La Habana"
    municipio: "Playa"
    clasificacion: "Tienda Especializada"
  - unidad_comercial: "Tienda Brújula, Hotel Gran  Muthu , Parcela"
    direccion: "Calle 70 esquina  3ra , Hotel Gran  Muthu  Habana"
    municipio: "Playa"
    clasificacion: "Tienda Especializada"
  - unidad_comercial: "Tienda Joyería Coral Negro Terminal III"
    direccion: "Avenida  Vantroi   kilometro  2 y medio. La Habana"
    municipio: "Boyeros"
    clasificacion: "Tienda Especializada"
  - unidad_comercial: "Tienda Joyería Coral Negro El Diamante, Varadero"
    direccion: "Calle 63 y  2da  Avenida Localidad Varadero, Matanzas"
    municipio: "Cárdenas"
    clasificacion: "Tienda Especializada"
  - unidad_comercial: "Tienda Joyería Coral Negro Las Conchas"
    direccion: "Carretera Las  Morlas  ,  Localidad Varadero"
    municipio: "Cárdenas"
    clasificacion: "Tienda Especializada"
  - unidad_comercial: "Tienda Joyería Coral Negro Paradisus , Varadero"
    direccion: "Punta  Francesa,  Localidad  Varadero"
    municipio: "Cárdenas"
    clasificacion: "Tienda Especializada"
  - unidad_comercial: "Tienda Joyería Coral Negro Marina Varadero."
    direccion: "Autopista Sur y Final, Punta  Hicacos,Localidad  Varadero"
    municipio: "Cárdenas"
    clasificacion: "Tienda Especializada"
  - unidad_comercial: "Tienda Joyería Coral Negro La Ilusión, Cayo Santa María, Villa Clara"
    direccion: "Hotel  Ensenancho,Cayo   Ensenacho , Villa Clara"
    municipio: "Caibarien"
    clasificacion: "Tienda Especializada"
  - unidad_comercial: "Tienda Joyería Coral Negro Las Perlas, Cayo Santa Maria, Villa Clara"
    direccion: "Hotel  Melia  Las  Dunas ,  Cayo Santa Maria, Villa Clara"
    municipio: "Caibarien"
    clasificacion: "Tienda Especializada"
  - unidad_comercial: "Tienda Joyería Coral Negro Esmeralda, Cayo Cruz,  Camaguey"
    direccion: "Vial Secundario 1 Playa Punta Quebrada,  Camaguey"
    municipio: "Esmeralda"
    clasificacion: "Tienda Especializada"
  - unidad_comercial: "Tienda Joyería Coral Negro Flamencos, Cayo Coco, Ciego de Avila"
    direccion: "Avenida de los Hoteles Cayo Coco, Ciego de Avila"
    municipio: "Morón"
    clasificacion: "Tienda Especializada"
  - unidad_comercial: "Tienda Joyería Coral Negro El Dorado, Cayo  Guilermo , Ciego de Avila"
    direccion: "Avenida de los Hoteles Cayo Guillermo, Ciego de Ávila"
    municipio: "Morón"
    clasificacion: "Tienda Especializada"
  - unidad_comercial: "Tienda Agua Marina, Cayo Paredón, Ciego de Avila"
    direccion: "Localidad Cayo Paredón Ciego de Avila"
    municipio: "Morón"
    clasificacion: "Tienda Especializada"
  - unidad_comercial: "Tienda Joyería Coral Negro Pesqueros, Holguín"
    direccion: "Localidad Playa Pesqueros.  Holguin"
    municipio: "Rafael Freyre"
    clasificacion: "Tienda Especializada"
  - unidad_comercial: "SC La Punta"
    direccion: "Carretera de  Baconao  km 25"
    municipio: "Santiago de Cuba"
    clasificacion: "Servicentro"
  - unidad_comercial: "Tienda Variedades"
    direccion: "Victoriano Garzón  No.151  e/Martí y Calle J"
    municipio: "Santiago de Cuba"
    clasificacion: "Tienda Mixta"
  - unidad_comercial: "Boutique La  Maison"
    direccion: "Avenida  Manduley  E/  1era  y  3era"
    municipio: "Santiago de Cuba"
    clasificacion: "Tienda Especializada"
  - unidad_comercial: "Tienda Aeropuerto"
    direccion: "Aeropuerto Santiago de Cuba"
    municipio: "Santiago de Cuba"
    clasificacion: "Duty Free"
  - unidad_comercial: "SC MELGAREJO"
    direccion: "Carretera Central Km 21 1/2"
    municipio: "Santiago de Cuba"
    clasificacion: "Servicentro"
  - unidad_comercial: "SC ORIENTE"
    direccion: "Carretera Del Morro e/A y B"
    municipio: "Santiago de Cuba"
    clasificacion: "Servicentro"
  - unidad_comercial: "SC ORIENTE"
    direccion: "Avenida 24 de  Febrero"
    municipio: "Santiago de Cuba"
    clasificacion: "Servicentro"
  - unidad_comercial: "Tienda  Californa"
    direccion: "José A. Saco e/Calvario y Carnicería"
    municipio: "Santiago de Cuba"
    clasificacion: "Tienda Mixta"
  - unidad_comercial: "SC El Serrano"
    direccion: "Carretera Central # 27,  Rpto  Rodolfo Rodriguez"
    municipio: "Contramaestre"
    clasificacion: "Servicentro"
  - unidad_comercial: "SC Palma Soriano"
    direccion: "Carretera central km 42 esquina cuchilla"
    municipio: "Palma soriano"
    clasificacion: "Servicentro"
  - unidad_comercial: "SC-CERRO"
    direccion: "CALZADA ESQUINA  AYLLON"
    municipio: "Cárdenas"
    clasificacion: "Servicentro"
  - unidad_comercial: "SC-ON -EL NORTE"
    direccion: "VELAZQUES   ESQ   SPRIO"
    municipio: "Cárdenas"
    clasificacion: "Servicentro"
  - unidad_comercial: "SC-CALLE17"
    direccion: "17  Y  AUTOPISTA VARADERO"
    municipio: "Cárdenas"
    clasificacion: "Servicentro"
  - unidad_comercial: "SC-DARSENA"
    direccion: "CARRETERA VARADERO MATANZAS KM 1"
    municipio: "Cárdenas"
    clasificacion: "Servicentro"
  - unidad_comercial: "Tienda Virtual Internacional"
    direccion: "CARRETERA CARDENAS VARADERO  GUASIMA , KM 2 1/2"
    municipio: "Cárdenas"
    clasificacion: "Tienda Virtual"
  - unidad_comercial: "TP-Península"
    direccion: "CALLE 63 E/ 1 Y 4"
    municipio: "Cárdenas"
    clasificacion: "Tienda Mixta"
  - unidad_comercial: "TP-Casa del Tabaco La Duna"
    direccion: "CALLE 31 AVENIDA PLAYA ENTRE 31 Y 32 VARADERO."
    municipio: "Cárdenas"
    clasificacion: "Tienda Especializada"
  - unidad_comercial: "TP Oasis"
    direccion: "CARRETERA VARADERO MATANZAS KM 1"
    municipio: "Cárdenas"
    clasificacion: "Tienda Mixta"
  - unidad_comercial: "SC-CUP-EL PARQUE"
    direccion: "CALLE 15 ESQ. 58 NRO. 5802 JAGÜEY GRANDE"
    municipio: "Jagüey"
    clasificacion: "Servicentro"
  - unidad_comercial: "SC-ON -POLICENTRO  JOVELLANOS"
    direccion: "CARRETERA CENTRAL, KM. 157 JOVELLANOS MATANZAS"
    municipio: "Jovellanos"
    clasificacion: "Servicentro"
  - unidad_comercial: "SC-CUP-LOS PINOS"
    direccion: "CARRETERA CIDRA KM 3"
    municipio: "Matanzas"
    clasificacion: "Servicentro"
  - unidad_comercial: "TP-CARIDAD"
    direccion: "CALZADA GENERAL BETANCOURT, PEÑAS ALTAS (PLAYA LA CARIDAD)"
    municipio: "Matanzas"
    clasificacion: "Tienda Mixta"
  - unidad_comercial: "TP  Duty  Free salida aeropuerto"
    direccion: "Avenida Mártires de Barbados km 5 1/2.  Cárbonera . Matanzas"
    municipio: "Matanzas"
    clasificacion: "Dutty Free"
  - unidad_comercial: "PV La Maya"
    direccion: "AEROPUERTO INTERNACIONAL. JUAN G. GÓMEZ"
    municipio: "Matanzas"
    clasificacion: "Punto de venta"
  - unidad_comercial: "TP La Casa del Pintor"
    direccion: "CALLE MANZANO  ESQ  MAGDALENA"
    municipio: "Matanzas"
    clasificacion: "Tienda Especializadas"
  - unidad_comercial: "TP-GIORGIO VIP HOTEL MANZANA"
    direccion: "Hotel Manzana  Gomez"
    municipio: "Habana Vieja"
    clasificacion: "Tienda Especializadas"
  - unidad_comercial: "TP-LOLA BARCELONA HOTEL MANZANA"
    direccion: "Hotel Manzana  Gomez"
    municipio: "Habana Vieja"
    clasificacion: "Tienda Especializadas"
  - unidad_comercial: "TP SPORT"
    direccion: "Avenida salvador Allende /  arbol  seco y retiro"
    municipio: "Centro Habana"
    clasificacion: "Tienda Especializadas"
  - unidad_comercial: "TP ADIDAS"
    direccion: "Avenida salvador Allende /  arbol  seco y retiro"
    municipio: "Centro Habana"
    clasificacion: "Tienda Especializadas"
  - unidad_comercial: "TP  UNICO"
    direccion: "Avenida salvador Allende /  arbol  seco y retiro"
    municipio: "Centro Habana"
    clasificacion: "Tienda Especializadas"
  - unidad_comercial: "TABACO CASA DEL HABANO"
    direccion: "Avenida  5ta  esquina 16  miramar"
    municipio: "Playa"
    clasificacion: "Tiendas Especializadas"
  - unidad_comercial: "TERMINAL 2"
    direccion: "Avenida van  troi  km/2 1/2"
    municipio: "Boyeros"
    clasificacion: "Dutty Free"
  - unidad_comercial: "TERMINAL 3"
    direccion: "Carretera  wajay  km 2.1/2"
    municipio: "Boyeros"
    clasificacion: "Dutty Free"
  - unidad_comercial: "PUNTOS DE VENTAS TERMINAL 3"
    direccion: "Carretera  wajay  km 2.1/2"
    municipio: "Boyeros"
    clasificacion: "Tiendas Especializadas"
  - unidad_comercial: "TP TABACO  COHIBA   ATMOSPHERE"
    direccion: "San  rafael  entre  zulueta  y  monserrate"
    municipio: "Habana Vieja"
    clasificacion: "Tiendas Especializadas"
  - unidad_comercial: "TP-TERMINAL CRUCERO"
    direccion: "Avenida  del  puerto entre muelle de san francisco y san pedro"
    municipio: "Habana Vieja"
    clasificacion: "Dutty Free"
  - unidad_comercial: "TP MUSEO DEL RON"
    direccion: "San pedro entre sol y muralla"
    municipio: "Habana Vieja"
    clasificacion: "Tiendas Especializadas"
  - unidad_comercial: "MERCADO AMELIA"
    direccion: "Calle  3ra  esquina 78 edificio santa clara"
    municipio: "Playa"
    clasificacion: "Tiendas Especializadas"
  - unidad_comercial: "PERFUMERIA  AMELIA"
    direccion: "Calle  3ra  esquina 78 edificio santa clara"
    municipio: "Playa"
    clasificacion: "Tiendas Especializadas"
  - unidad_comercial: "MERCADO  7MA  Y 32"
    direccion: "Avenida  7ma  esquina 32"
    municipio: "Playa"
    clasificacion: "Tiendas Especializadas"
  - unidad_comercial: "TP  FINLAY"
    direccion: "Avenida de La Juventud s/n e/01 y 03"
    municipio: "Las Tunas"
    clasificacion: "Tiendas Mixtas, Categoría C"
  - unidad_comercial: "TP-LA  EPOCA"
    direccion: "Vicente García s/ ne /24 de  Febrero  y Ramón Ortuño"
    municipio: "Las Tunas"
    clasificacion: "Tiendas Mixtas, Categoría A"
  - unidad_comercial: "TP- BALCÓN DE ORIENTE"
    direccion: "Francisco Vega No 201 e/Nicolás Heredia y  Juaquín  Agüero"
    municipio: "Las Tunas"
    clasificacion: "Tiendas Mixtas, Categoría B"
  - unidad_comercial: "TP TIENDA VIRTUAL INTERNACIONAL EL ORIENTE"
    direccion: "Camino del Oriente s/n"
    municipio: "Las Tunas"
    clasificacion: "Tienda Especializada"
  - unidad_comercial: "TP-PV EL GIRASOL"
    direccion: "Avenida  1ro  de  Enero  s/n"
    municipio: "Las Tunas"
    clasificacion: "Tienda cercanía y/o conveniencia, Punto Venta"
  - unidad_comercial: "TP PV COLÓN"
    direccion: "Calle Colon,  Rpto  Primero"
    municipio: "Las Tunas"
    clasificacion: "Tienda cercanía y/o conveniencia, Punto Venta"
  - unidad_comercial: "TP-PV LA VICTORIA"
    direccion: "24 de  Febrero  No 40 Esquina Vicente García"
    municipio: "Puerto Padre"
    clasificacion: "Tiendas Mixtas, Categoría B"
  - unidad_comercial: "TP-SC MENÉNDEZ"
    direccion: "02 s/n Municipio"
    municipio: "Jesús Menéndez"
    clasificacion: "Tienda cercanía y/o conveniencia, Punto Venta"
  - unidad_comercial: "SC MENÉNDEZ"
    direccion: "3 s/n Municipio Jesús Menéndez"
    municipio: "Jesús Menéndez"
    clasificacion: "Servicentros"
  - unidad_comercial: "SC-ON -LUANDA"
    direccion: "FRANCISCO VARONA S/N ESQUINA A MENOCAL"
    municipio: "Las Tunas"
    clasificacion: "Servicentros"
  - unidad_comercial: "SC LA AVENIDA"
    direccion: "CARRETERA  CTRAL  KM 2 LAS TUNAS"
    municipio: "Las Tunas"
    clasificacion: "Servicentros"
  - unidad_comercial: "TIENDA KILO 12"
    direccion: "Céspedes ,  Magoon  y Gerónimo."
    municipio: "Sancti Spiritus"
    clasificacion: "Tienda Mixta"
  - unidad_comercial: "TIENDA VIRTUAL INTERNACIONAL BAZAR INGLES"
    direccion: "Independencia, Frank País y  Cmdte  Fajardo."
    municipio: "Sancti Spiritus"
    clasificacion: "Tienda Virtual"
  - unidad_comercial: "SC INTERNACIONAL"
    direccion: "Bartolomé Masó, e/: Garaita y Calle del Medio"
    municipio: "Sancti Spiritus"
    clasificacion: "Servicentro"
  - unidad_comercial: "TIENDA TRINIDAD"
    direccion: "Pedro  Zerquera  ."
    municipio: "Trinidad"
    clasificacion: "Tienda Mixta"
  - unidad_comercial: "SC LA BOCA"
    direccion: "Pedro  Zerquera ."
    municipio: "Trinidad"
    clasificacion: "Servicentro"
  - unidad_comercial: "SC  ON  TRINIDAD"
    direccion: "Fausto Pelayo Alonso."
    municipio: "Trinidad"
    clasificacion: "Servicentro"
  - unidad_comercial: "SC LA LONJA"
    direccion: "Esquina Avenida Cienfuegos y Libertad"
    municipio: "Cabaiguán"
    clasificacion: "Servicentro"
  - unidad_comercial: "SC EL  BOMBINO"
    direccion: "Céspedez  No. 288 e/: Justa Estenoz y Carretera  Agabama"
    municipio: "Fomento"
    clasificacion: "Punto de venta"
  - unidad_comercial: "SC  MAYAJIGUA"
    direccion: "Antonio Guiteras,  Mayajigua"
    municipio: "Yaguajai"
    clasificacion: "Servicentro"
  - unidad_comercial: "SC ORO DULCE"
    direccion: "Jatibonico, Carretera Central,  esquina  Hermanos  Agüero."
    municipio: "Jatibonico"
    clasificacion: "Servicentro"
  - unidad_comercial: "SC EL JÍBARO"
    direccion: "José Miguel Gómez, El Jíbaro"
    municipio: "La Sierpe"
    clasificacion: "Servicentro"
  - unidad_comercial: "SC-EL ROBLE"
    direccion: "Carretera  Cojimar  esq. La Palmas"
    municipio: "Guanabacoa"
    clasificacion: "Servicentro"
  - unidad_comercial: "SC-ON -GUANABO"
    direccion: "Ave Vía Blanca 462"
    municipio: "Habana del Este"
    clasificacion: "Servicentro"
  - unidad_comercial: "SC-MODELO"
    direccion: "Línea y E. Vedado"
    municipio: "Plaza"
    clasificacion: "Servicentro"
  - unidad_comercial: "SC-VISTA AL MAR"
    direccion: "Malecón esq. Línea"
    municipio: "Plaza"
    clasificacion: "Servicentro"
  - unidad_comercial: "SC-Riviera"
    direccion: "Malecon  entre Paseo y  1ra"
    municipio: "Plaza"
    clasificacion: "Servicentro"
  - unidad_comercial: "TP-Casa Del Pintor"
    direccion: "Belacoain  y Neptuno"
    municipio: "Plaza"
    clasificacion: "Establecimiento Comercial"
  - unidad_comercial: "TP Compas"
    direccion: "Calzada de  Guines  entre 18 y 20"
    municipio: "Arroyo Naranjo"
    clasificacion: "Establecimiento Comercial"
  - unidad_comercial: "TP Mirador"
    direccion: "Calzada de  guines,Esq   Guechinanga"
    municipio: "Arroyo Naranjo"
    clasificacion: "Establecimiento Comercial"
  - unidad_comercial: "TIENDA VIRTUAL  INTERNACIONAL  EL ORBE"
    direccion: "Emilio Giró entre Calixto García y Los Maceo"
    municipio: "Guantánamo"
    clasificacion: "Tiendas Virtuales"
  - unidad_comercial: "SC-LA PERLA"
    direccion: "Los Maceo, esq. Jesús del Sol"
    municipio: "Guantánamo"
    clasificacion: "Servicentros"
  - unidad_comercial: "TP-LA PERLA"
    direccion: "Los Maceo, esq. Jesús del Sol"
    municipio: "Guantánamo"
    clasificacion: "Tienda Mixta"
  - unidad_comercial: "SC-LA SALIDA"
    direccion: "Carretera a  Stgo  de Cuba Km 1"
    municipio: "Guantánamo"
    clasificacion: "Servicentros"
  - unidad_comercial: "TP-LA SALIDA"
    direccion: "Carretera a  Stgo  de Cuba Km 1"
    municipio: "Guantánamo"
    clasificacion: "Punto de Venta"
  - unidad_comercial: "TP FRAGANCIAS"
    direccion: "Los Maceo # 802 e/ Prado y Aguilera"
    municipio: "Guantánamo"
    clasificacion: "Tienda mixta"
  - unidad_comercial: "TP LA PRIMADA"
    direccion: "Martí 163 e/  Céspedes  y Ciro Frías"
    municipio: "Baracoa"
    clasificacion: "Tienda mixta"
  - unidad_comercial: "SC-CABACÚ"
    direccion: "Carretera a  Cabacú  No 240"
    municipio: "Baracoa"
    clasificacion: "Servicentro"
  - unidad_comercial: "TP-CABACU"
    direccion: "Carretera a  Cabacú  No 241"
    municipio: "Baracoa"
    clasificacion: "Tienda mixta"
  - unidad_comercial: "TP-  DUTY  FREE"
    direccion: "Aeropuerto Jardines del Rey Cayo Coco"
    municipio: "Morón"
    clasificacion: "Dutty Free"
  - unidad_comercial: "SC-NUEVA IMAGEN"
    direccion: "Circuito Norte, Carretera de Bolivia.  Moron"
    municipio: "Morón"
    clasificacion: "Servicentro"
  - unidad_comercial: "TIENDA VIRTUAL INTERNACIONAL CIEGO DE AVILA"
    direccion: "Independencia e/  H.Castillo  y Maceo Ciego de Avila"
    municipio: "Ciego de Ávila"
    clasificacion: "Tienda Virtual"
  - unidad_comercial: "TP-NUEVO BULEVAR"
    direccion: "Calle Independencia esq. Maceo C. de Avila"
    municipio: "Ciego de Ávila"
    clasificacion: "Tienda Mixta"
  - unidad_comercial: "SC-ON -CIEGO"
    direccion: "Chicho Torres esq.  6ta   Ciego  de Avila"
    municipio: "Ciego de Ávila"
    clasificacion: "Servicentro"
  - unidad_comercial: "SC-OESTE"
    direccion: "Carretera Central s/n e/ calle 11 y Rotonda Habana Ciego de Avila."
    municipio: "Ciego de Ávila"
    clasificacion: "Servicentro"
  - unidad_comercial: "TP-ENCANTO  MORON"
    direccion: "Calle  Marti   No.299 , esq.  Jose  Varona,  Moron"
    municipio: "Morón"
    clasificacion: "Tienda Mixta"
  - unidad_comercial: "TIENDA VIRTUAL INTERNACIONAL"
    direccion: "Avenida 45 entre 74 y 68"
    municipio: "San José"
    clasificacion: "Tienda Virtual"
  - unidad_comercial: "SC-ON  CATALINA DE  GUINES"
    direccion: "Carretera Central  km51 /2"
    municipio: "Guines"
    clasificacion: "Tienda Mixta-Servicentro"
  - unidad_comercial: "TIENDA VIRTUAL INTERNACIONAL ISLA"
    direccion: "Calle 28 entre 33 y 35"
    municipio: "Nueva Gerona"
    clasificacion: "Tienda Virtual"
  - unidad_comercial: "TP-Bejucal"
    direccion: "Calle 13  esq  A."
    municipio: "Bejucal"
    clasificacion: "Tienda"
  - unidad_comercial: "TP-Encanto"
    direccion: "Calle 93  No.7704  entre 77 y 85"
    municipio: "Guines"
    clasificacion: "Tienda"
  - unidad_comercial: "SC KM 79"
    direccion: "Autopista KM 79"
    municipio: "Nueva Paz"
    clasificacion: "Servicentro"
  - unidad_comercial: "TP-La época"
    direccion: "Avenida 47 entre 68 y 64."
    municipio: "San José"
    clasificacion: "Tienda"
  - unidad_comercial: "SC  1ra  y 40"
    direccion: "Calle 40 esquina  1ra . Miramar"
    municipio: "Playa"
    clasificacion: "Servicentro"
  - unidad_comercial: "SC La Copa"
    direccion: "Avenida  5ta  esquina 120"
    municipio: "Playa"
    clasificacion: "Servicentro"
  - unidad_comercial: "SC El Arbolito"
    direccion: "Calle 40 entre 33 y 35 La Sierra"
    municipio: "Playa"
    clasificacion: "Servicentro"
  - unidad_comercial: "SC La Rotonda ( 5ta  y 120)"
    direccion: "Calle  5ta  y 120"
    municipio: "Playa"
    clasificacion: "Servicentro"
  - unidad_comercial: "PAC  Transtur  Aeropuerto"
    direccion: "Calle 246 entre 247 y 249 Reparto Abel Santamaría"
    municipio: "Boyeros"
    clasificacion: "Servicentro"
  - unidad_comercial: "Tienda  Belisama  (Confecciones),"
    direccion: "Parcela 70"
    municipio: "Playa"
    clasificacion: "Tienda Especializada"
  - unidad_comercial: "Tienda Eveline ( Cosmetica )"
    direccion: "Parcela 70"
    municipio: "Playa"
    clasificacion: "Tienda Especializada"
  - unidad_comercial: "Tienda Playera ( Articulos   Playa )"
    direccion: "Parcela 70"
    municipio: "Playa"
    clasificacion: "Tienda Especializada"
  - unidad_comercial: "Tienda Malia (Conf. Y Cazado)"
    direccion: "Parcela 70"
    municipio: "Playa"
    clasificacion: "Tienda Especializada"
  - unidad_comercial: "Tienda Tropical (Calzado)"
    direccion: "Parcela 70"
    municipio: "Playa"
    clasificacion: "Tienda Especializada"
  - unidad_comercial: "Tienda Galia (Ajuares)"
    direccion: "Parcela 70"
    municipio: "Playa"
    clasificacion: "Tienda Especializada"
  - unidad_comercial: "Tienda Océano (Calzad y Conf.)"
    direccion: "Parcela 70"
    municipio: "Playa"
    clasificacion: "Tienda Especializada"
  - unidad_comercial: "Tienda Marina (Perfumería)"
    direccion: "Parcela 70"
    municipio: "Playa"
    clasificacion: "Tienda Especializada"
  - unidad_comercial: "Tienda Nerea (Fiestas y Regalos)"
    direccion: "Parcela 70"
    municipio: "Playa"
    clasificacion: "Tienda Especializada"
  - unidad_comercial: "SC Dolores y 24"
    direccion: "Calle Dolores y 24 Lawton"
    municipio: "10 de octubre"
    clasificacion: "Servicentro"
  - unidad_comercial: "Puerto Brizo (Art. Oficina)"
    direccion: "Parcela 70"
    municipio: "Playa"
    clasificacion: "Tienda Especializada"
  - unidad_comercial: "Tienda Costa bonita (calzado)"
    direccion: "Parcela 70"
    municipio: "Playa"
    clasificacion: "Tienda Especializada"
  - unidad_comercial: "Tienda  Destino   Gurmet (Aseo)"
    direccion: "Parcela 70"
    municipio: "Playa"
    clasificacion: "Tienda Especializada"
  - unidad_comercial: "Tienda  Delmare  (Cristalería)"
    direccion: "Parcela 70"
    municipio: "Playa"
    clasificacion: "Tienda Especializada"
  - unidad_comercial: "Laguna Azul (Confecciones)"
    direccion: "Parcela 70"
    municipio: "Playa"
    clasificacion: "Tienda Especializada"
  - unidad_comercial: "CC Boyeros y  Camaguey"
    direccion: "Avenida Boyeros y  Camaguey"
    municipio: "Boyeros"
    clasificacion: "Tienda Especializada"
  - unidad_comercial: "TP ESPECIALIZADA SC SPUTNIK"
    direccion: "Carretera central  Esq  General  Gomez"
    municipio: "Camagüey"
    clasificacion: "Tienda Mixta"
  - unidad_comercial: "SC SPUTNIK"
    direccion: "Carretera central  Esq  General  Gomez"
    municipio: "Camagüey"
    clasificacion: "Servicentro"
  - unidad_comercial: "TP ESPECIALIZADA SC  TINAJON"
    direccion: "Circunvalacion  Norte e/ Camino Acueducto y Camino la Matanza"
    municipio: "Camagüey"
    clasificacion: "Tienda Mixta"
  - unidad_comercial: "SC El  tinajon"
    direccion: "Circunvalacion  Norte e/ Camino Acueducto y Camino la Matanza"
    municipio: "Camagüey"
    clasificacion: "Servicentro"
  - unidad_comercial: "TP ESPECIALIZADA SC NUEVITAS"
    direccion: "Agramonte  No.56  Municipio Nuevitas"
    municipio: "Nuevitas"
    clasificacion: "Tienda Mixta"
  - unidad_comercial: "SC-Nuevitas"
    direccion: "Agramonte  No.56  Municipio Nuevitas"
    municipio: "Nuevitas"
    clasificacion: "Servicentro"
  - unidad_comercial: "TP ESPECIALIZADA SC SANTA LUCÍA"
    direccion: "Avenida Tararaco  S.Lucia"
    municipio: "Nuevitas"
    clasificacion: "Tienda Mixta"
  - unidad_comercial: "SC-Santa Lucia"
    direccion: "Avenida Tararaco  S.Lucia"
    municipio: "Nuevitas"
    clasificacion: "Servicentro"
  - unidad_comercial: "TP ESPECIALIZADA SC SANTA CRUZ"
    direccion: "Carretera  Sta  Cruz No. 304"
    municipio: "SANTA CRUZ DEL SUR"
    clasificacion: "Tienda Mixta"
  - unidad_comercial: "SC-Santa Cruz del Sur"
    direccion: "Carretera  Sta  Cruz No. 305"
    municipio: "SANTA CRUZ DEL SUR"
    clasificacion: "Servicentro"
  - unidad_comercial: "TP-PV Externo del Aeropuerto"
    direccion: "Avenida  finlay  km 7 ½"
    municipio: "Camagüey"
    clasificacion: "PUNTO DE VENTA"
  - unidad_comercial: "TP-ESPECIALIZADA  DUTTY  FREE  CAMAGUEY"
    direccion: "Avenida  finlay  km 7 ½"
    municipio: "Camagüey"
    clasificacion: "Dutty Free"
  - unidad_comercial: "Tienda ESPECIALIZADA LA ORIENTAL"
    direccion: "Maceo no. 5 entre Plaza Maceo y General Gómez"
    municipio: "Camagüey"
    clasificacion: "Tienda Mixta"
  - unidad_comercial: "Tienda ESPECIALIZADA LA  MERCI"
    direccion: "Ctra  central Esquina Cielo"
    municipio: "Camagüey"
    clasificacion: "Tienda Mixta"
  - unidad_comercial: "Tienda ESPECIALIZADA LA PRINCIPAL"
    direccion: "Maceo 63 %  Gral  Gómez e Ignacio  Agte"
    municipio: "Camagüey"
    clasificacion: "Tienda Mixta"
  - unidad_comercial: "Agencia Calle 20"
    direccion: "Calle 20 entre  1ra  y  3ra  Miramar"
    municipio: "Playa"
    clasificacion: "Tienda Especializada"
  - unidad_comercial: "Tienda Sierra Maestra"
    direccion: "Calle  1ra  y 0. Miramar"
    municipio: "Playa"
    clasificacion: "Tienda Especializada"